date,d,wm_yr_wk,weekday,wday,month,year,event_name_1,event_type_1,event_name_2,event_type_2,snap_CA,snap_TX,snap_WI
2011-01-29,d_1,2011_04,Saturday,6,1,2011,,,,,0,0,0
2011-01-30,d_2,2011_04,Sunday,7,1,2011,,,,,0,0,0
2011-01-31,d_3,2011_05,Monday,1,1,2011,,,,,0,0,0
2011-02-01,d_4,2011_05,Tuesday,2,2,2011,,,,,0,0,0
2011-02-02,d_5,2011_05,Wednesday,3,2,2011,,,,,0,0,0
2011-02-03,d_6,2011_05,Thursday,4,2,2011,,,,,0,0,0
2011-02-04,d_7,2011_05,Friday,5,2,2011,,,,,0,0,0
2011-02-05,d_8,2011_05,Saturday,6,2,2011,,,,,0,0,0
2011-02-06,d_9,2011_05,Sunday,7,2,2011,,,,,0,0,0
2011-02-07,d_10,2011_06,Monday,1,2,2011,,,,,0,0,0
2011-02-08,d_11,2011_06,Tuesday,2,2,2011,,,,,0,0,0
2011-02-09,d_12,2011_06,Wednesday,3,2,2011,,,,,0,0,0
2011-02-10,d_13,2011_06,Thursday,4,2,2011,,,,,0,0,0
2011-02-11,d_14,2011_06,Friday,5,2,2011,,,,,0,0,0
2011-02-12,d_15,2011_06,Saturday,6,2,2011,,,,,0,0,0
2011-02-13,d_16,2011_06,Sunday,7,2,2011,,,,,0,0,0
2011-02-14,d_17,2011_07,Monday,1,2,2011,,,,,0,0,0
2011-02-15,d_18,2011_07,Tuesday,2,2,2011,,,,,0,0,0
2011-02-16,d_19,2011_07,Wednesday,3,2,2011,,,,,0,0,0
2011-02-17,d_20,2011_07,Thursday,4,2,2011,,,,,0,0,0
2011-02-18,d_21,2011_07,Friday,5,2,2011,,,,,0,0,0
2011-02-19,d_22,2011_07,Saturday,6,2,2011,,,,,0,0,0
2011-02-20,d_23,2011_07,Sunday,7,2,2011,,,,,0,0,0
2011-02-21,d_24,2011_08,Monday,1,2,2011,,,,,0,0,0
2011-02-22,d_25,2011_08,Tuesday,2,2,2011,,,,,0,0,0
2011-02-23,d_26,2011_08,Wednesday,3,2,2011,,,,,0,0,0
2011-02-24,d_27,2011_08,Thursday,4,2,2011,,,,,0,0,0
2011-02-25,d_28,2011_08,Friday,5,2,2011,,,,,0,0,0
2011-02-26,d_29,2011_08,Saturday,6,2,2011,,,,,0,0,0
2011-02-27,d_30,2011_08,Sunday,7,2,2011,,,,,0,0,0
2011-02-28,d_31,2011_09,Monday,1,2,2011,,,,,0,0,0
2011-03-01,d_32,2011_09,Tuesday,2,3,2011,,,,,0,0,0
2011-03-02,d_33,2011_09,Wednesday,3,3,2011,,,,,0,0,0
2011-03-03,d_34,2011_09,Thursday,4,3,2011,,,,,0,0,0
2011-03-04,d_35,2011_09,Friday,5,3,2011,,,,,0,0,0
2011-03-05,d_36,2011_09,Saturday,6,3,2011,,,,,0,0,0
2011-03-06,d_37,2011_09,Sunday,7,3,2011,,,,,0,0,0
2011-03-07,d_38,2011_10,Monday,1,3,2011,,,,,0,0,0
2011-03-08,d_39,2011_10,Tuesday,2,3,2011,,,,,0,0,0
2011-03-09,d_40,2011_10,Wednesday,3,3,2011,,,,,0,0,0
2011-03-10,d_41,2011_10,Thursday,4,3,2011,,,,,0,0,0
2011-03-11,d_42,2011_10,Friday,5,3,2011,,,,,0,0,0
2011-03-12,d_43,2011_10,Saturday,6,3,2011,,,,,0,0,0
2011-03-13,d_44,2011_10,Sunday,7,3,2011,,,,,0,0,0
2011-03-14,d_45,2011_11,Monday,1,3,2011,,,,,0,0,0
2011-03-15,d_46,2011_11,Tuesday,2,3,2011,,,,,0,0,0
2011-03-16,d_47,2011_11,Wednesday,3,3,2011,,,,,0,0,0
2011-03-17,d_48,2011_11,Thursday,4,3,2011,,,,,0,0,0
2011-03-18,d_49,2011_11,Friday,5,3,2011,,,,,0,0,0
2011-03-19,d_50,2011_11,Saturday,6,3,2011,,,,,0,0,0
2011-03-20,d_51,2011_11,Sunday,7,3,2011,,,,,0,0,0
2011-03-21,d_52,2011_12,Monday,1,3,2011,,,,,0,0,0
2011-03-22,d_53,2011_12,Tuesday,2,3,2011,,,,,0,0,0
2011-03-23,d_54,2011_12,Wednesday,3,3,2011,,,,,0,0,0
2011-03-24,d_55,2011_12,Thursday,4,3,2011,,,,,0,0,0
2011-03-25,d_56,2011_12,Friday,5,3,2011,,,,,0,0,0
2011-03-26,d_57,2011_12,Saturday,6,3,2011,,,,,0,0,0
2011-03-27,d_58,2011_12,Sunday,7,3,2011,,,,,0,0,0
2011-03-28,d_59,2011_13,Monday,1,3,2011,,,,,0,0,0
2011-03-29,d_60,2011_13,Tuesday,2,3,2011,,,,,0,0,0
2011-03-30,d_61,2011_13,Wednesday,3,3,2011,,,,,0,0,0
2011-03-31,d_62,2011_13,Thursday,4,3,2011,,,,,0,0,0
2011-04-01,d_63,2011_13,Friday,5,4,2011,,,,,0,0,0
2011-04-02,d_64,2011_13,Saturday,6,4,2011,,,,,0,0,0
2011-04-03,d_65,2011_13,Sunday,7,4,2011,,,,,0,0,0
2011-04-04,d_66,2011_14,Monday,1,4,2011,,,,,0,0,0
2011-04-05,d_67,2011_14,Tuesday,2,4,2011,,,,,0,0,0
2011-04-06,d_68,2011_14,Wednesday,3,4,2011,,,,,0,0,0
2011-04-07,d_69,2011_14,Thursday,4,4,2011,,,,,0,0,0
2011-04-08,d_70,2011_14,Friday,5,4,2011,,,,,0,0,0
2011-04-09,d_71,2011_14,Saturday,6,4,2011,,,,,0,0,0
2011-04-10,d_72,2011_14,Sunday,7,4,2011,,,,,0,0,0
2011-04-11,d_73,2011_15,Monday,1,4,2011,,,,,0,0,0
2011-04-12,d_74,2011_15,Tuesday,2,4,2011,,,,,0,0,0
2011-04-13,d_75,2011_15,Wednesday,3,4,2011,,,,,0,0,0
2011-04-14,d_76,2011_15,Thursday,4,4,2011,,,,,0,0,0
2011-04-15,d_77,2011_15,Friday,5,4,2011,,,,,0,0,0
2011-04-16,d_78,2011_15,Saturday,6,4,2011,,,,,0,0,0
2011-04-17,d_79,2011_15,Sunday,7,4,2011,,,,,0,0,0
2011-04-18,d_80,2011_16,Monday,1,4,2011,,,,,0,0,0
2011-04-19,d_81,2011_16,Tuesday,2,4,2011,,,,,0,0,0
2011-04-20,d_82,2011_16,Wednesday,3,4,2011,,,,,0,0,0
2011-04-21,d_83,2011_16,Thursday,4,4,2011,,,,,0,0,0
2011-04-22,d_84,2011_16,Friday,5,4,2011,,,,,0,0,0
2011-04-23,d_85,2011_16,Saturday,6,4,2011,,,,,0,0,0
2011-04-24,d_86,2011_16,Sunday,7,4,2011,,,,,0,0,0
2011-04-25,d_87,2011_17,Monday,1,4,2011,,,,,0,0,0
2011-04-26,d_88,2011_17,Tuesday,2,4,2011,,,,,0,0,0
2011-04-27,d_89,2011_17,Wednesday,3,4,2011,,,,,0,0,0
2011-04-28,d_90,2011_17,Thursday,4,4,2011,,,,,0,0,0
2011-04-29,d_91,2011_17,Friday,5,4,2011,,,,,0,0,0
2011-04-30,d_92,2011_17,Saturday,6,4,2011,,,,,0,0,0
2011-05-01,d_93,2011_17,Sunday,7,5,2011,,,,,0,0,0
2011-05-02,d_94,2011_18,Monday,1,5,2011,,,,,0,0,0
2011-05-03,d_95,2011_18,Tuesday,2,5,2011,,,,,0,0,0
2011-05-04,d_96,2011_18,Wednesday,3,5,2011,,,,,0,0,0
2011-05-05,d_97,2011_18,Thursday,4,5,2011,,,,,0,0,0
2011-05-06,d_98,2011_18,Friday,5,5,2011,,,,,0,0,0
2011-05-07,d_99,2011_18,Saturday,6,5,2011,,,,,0,0,0
2011-05-08,d_100,2011_18,Sunday,7,5,2011,,,,,0,0,0
2011-05-09,d_101,2011_19,Monday,1,5,2011,,,,,0,0,0
2011-05-10,d_102,2011_19,Tuesday,2,5,2011,,,,,0,0,0
2011-05-11,d_103,2011_19,Wednesday,3,5,2011,,,,,0,0,0
2011-05-12,d_104,2011_19,Thursday,4,5,2011,,,,,0,0,0
2011-05-13,d_105,2011_19,Friday,5,5,2011,,,,,0,0,0
2011-05-14,d_106,2011_19,Saturday,6,5,2011,,,,,0,0,0
2011-05-15,d_107,2011_19,Sunday,7,5,2011,,,,,0,0,0
2011-05-16,d_108,2011_20,Monday,1,5,2011,,,,,0,0,0
2011-05-17,d_109,2011_20,Tuesday,2,5,2011,,,,,0,0,0
2011-05-18,d_110,2011_20,Wednesday,3,5,2011,,,,,0,0,0
2011-05-19,d_111,2011_20,Thursday,4,5,2011,,,,,0,0,0
2011-05-20,d_112,2011_20,Friday,5,5,2011,,,,,0,0,0
2011-05-21,d_113,2011_20,Saturday,6,5,2011,,,,,0,0,0
2011-05-22,d_114,2011_20,Sunday,7,5,2011,,,,,0,0,0
2011-05-23,d_115,2011_21,Monday,1,5,2011,,,,,0,0,0
2011-05-24,d_116,2011_21,Tuesday,2,5,2011,,,,,0,0,0
2011-05-25,d_117,2011_21,Wednesday,3,5,2011,,,,,0,0,0
2011-05-26,d_118,2011_21,Thursday,4,5,2011,,,,,0,0,0
2011-05-27,d_119,2011_21,Friday,5,5,2011,,,,,0,0,0
2011-05-28,d_120,2011_21,Saturday,6,5,2011,,,,,0,0,0
2011-05-29,d_121,2011_21,Sunday,7,5,2011,,,,,0,0,0
2011-05-30,d_122,2011_22,Monday,1,5,2011,,,,,0,0,0
2011-05-31,d_123,2011_22,Tuesday,2,5,2011,,,,,0,0,0
2011-06-01,d_124,2011_22,Wednesday,3,6,2011,,,,,0,0,0
2011-06-02,d_125,2011_22,Thursday,4,6,2011,,,,,0,0,0
2011-06-03,d_126,2011_22,Friday,5,6,2011,,,,,0,0,0
2011-06-04,d_127,2011_22,Saturday,6,6,2011,,,,,0,0,0
2011-06-05,d_128,2011_22,Sunday,7,6,2011,,,,,0,0,0
2011-06-06,d_129,2011_23,Monday,1,6,2011,,,,,0,0,0
2011-06-07,d_130,2011_23,Tuesday,2,6,2011,,,,,0,0,0
2011-06-08,d_131,2011_23,Wednesday,3,6,2011,,,,,0,0,0
2011-06-09,d_132,2011_23,Thursday,4,6,2011,,,,,0,0,0
2011-06-10,d_133,2011_23,Friday,5,6,2011,,,,,0,0,0
2011-06-11,d_134,2011_23,Saturday,6,6,2011,,,,,0,0,0
2011-06-12,d_135,2011_23,Sunday,7,6,2011,,,,,0,0,0
2011-06-13,d_136,2011_24,Monday,1,6,2011,,,,,0,0,0
2011-06-14,d_137,2011_24,Tuesday,2,6,2011,,,,,0,0,0
2011-06-15,d_138,2011_24,Wednesday,3,6,2011,,,,,0,0,0
2011-06-16,d_139,2011_24,Thursday,4,6,2011,,,,,0,0,0
2011-06-17,d_140,2011_24,Friday,5,6,2011,,,,,0,0,0
2011-06-18,d_141,2011_24,Saturday,6,6,2011,,,,,0,0,0
2011-06-19,d_142,2011_24,Sunday,7,6,2011,,,,,0,0,0
2011-06-20,d_143,2011_25,Monday,1,6,2011,,,,,0,0,0
2011-06-21,d_144,2011_25,Tuesday,2,6,2011,,,,,0,0,0
2011-06-22,d_145,2011_25,Wednesday,3,6,2011,,,,,0,0,0
2011-06-23,d_146,2011_25,Thursday,4,6,2011,,,,,0,0,0
2011-06-24,d_147,2011_25,Friday,5,6,2011,,,,,0,0,0
2011-06-25,d_148,2011_25,Saturday,6,6,2011,,,,,0,0,0
2011-06-26,d_149,2011_25,Sunday,7,6,2011,,,,,0,0,0
2011-06-27,d_150,2011_26,Monday,1,6,2011,,,,,0,0,0
2011-06-28,d_151,2011_26,Tuesday,2,6,2011,,,,,0,0,0
2011-06-29,d_152,2011_26,Wednesday,3,6,2011,,,,,0,0,0
2011-06-30,d_153,2011_26,Thursday,4,6,2011,,,,,0,0,0
2011-07-01,d_154,2011_26,Friday,5,7,2011,,,,,0,0,0
2011-07-02,d_155,2011_26,Saturday,6,7,2011,,,,,0,0,0
2011-07-03,d_156,2011_26,Sunday,7,7,2011,,,,,0,0,0
2011-07-04,d_157,2011_27,Monday,1,7,2011,,,,,0,0,0
2011-07-05,d_158,2011_27,Tuesday,2,7,2011,,,,,0,0,0
2011-07-06,d_159,2011_27,Wednesday,3,7,2011,,,,,0,0,0
2011-07-07,d_160,2011_27,Thursday,4,7,2011,,,,,0,0,0
2011-07-08,d_161,2011_27,Friday,5,7,2011,,,,,0,0,0
2011-07-09,d_162,2011_27,Saturday,6,7,2011,,,,,0,0,0
2011-07-10,d_163,2011_27,Sunday,7,7,2011,,,,,0,0,0
2011-07-11,d_164,2011_28,Monday,1,7,2011,,,,,0,0,0
2011-07-12,d_165,2011_28,Tuesday,2,7,2011,,,,,0,0,0
2011-07-13,d_166,2011_28,Wednesday,3,7,2011,,,,,0,0,0
2011-07-14,d_167,2011_28,Thursday,4,7,2011,,,,,0,0,0
2011-07-15,d_168,2011_28,Friday,5,7,2011,,,,,0,0,0
2011-07-16,d_169,2011_28,Saturday,6,7,2011,,,,,0,0,0
2011-07-17,d_170,2011_28,Sunday,7,7,2011,,,,,0,0,0
2011-07-18,d_171,2011_29,Monday,1,7,2011,,,,,0,0,0
2011-07-19,d_172,2011_29,Tuesday,2,7,2011,,,,,0,0,0
2011-07-20,d_173,2011_29,Wednesday,3,7,2011,,,,,0,0,0
2011-07-21,d_174,2011_29,Thursday,4,7,2011,,,,,0,0,0
2011-07-22,d_175,2011_29,Friday,5,7,2011,,,,,0,0,0
2011-07-23,d_176,2011_29,Saturday,6,7,2011,,,,,0,0,0
2011-07-24,d_177,2011_29,Sunday,7,7,2011,,,,,0,0,0
2011-07-25,d_178,2011_30,Monday,1,7,2011,,,,,0,0,0
2011-07-26,d_179,2011_30,Tuesday,2,7,2011,,,,,0,0,0
2011-07-27,d_180,2011_30,Wednesday,3,7,2011,,,,,0,0,0
2011-07-28,d_181,2011_30,Thursday,4,7,2011,,,,,0,0,0
2011-07-29,d_182,2011_30,Friday,5,7,2011,,,,,0,0,0
2011-07-30,d_183,2011_30,Saturday,6,7,2011,,,,,0,0,0
2011-07-31,d_184,2011_30,Sunday,7,7,2011,,,,,0,0,0
2011-08-01,d_185,2011_31,Monday,1,8,2011,,,,,0,0,0
2011-08-02,d_186,2011_31,Tuesday,2,8,2011,,,,,0,0,0
2011-08-03,d_187,2011_31,Wednesday,3,8,2011,,,,,0,0,0
2011-08-04,d_188,2011_31,Thursday,4,8,2011,,,,,0,0,0
2011-08-05,d_189,2011_31,Friday,5,8,2011,,,,,0,0,0
2011-08-06,d_190,2011_31,Saturday,6,8,2011,,,,,0,0,0
2011-08-07,d_191,2011_31,Sunday,7,8,2011,,,,,0,0,0
2011-08-08,d_192,2011_32,Monday,1,8,2011,,,,,0,0,0
2011-08-09,d_193,2011_32,Tuesday,2,8,2011,,,,,0,0,0
2011-08-10,d_194,2011_32,Wednesday,3,8,2011,,,,,0,0,0
2011-08-11,d_195,2011_32,Thursday,4,8,2011,,,,,0,0,0
2011-08-12,d_196,2011_32,Friday,5,8,2011,,,,,0,0,0
2011-08-13,d_197,2011_32,Saturday,6,8,2011,,,,,0,0,0
2011-08-14,d_198,2011_32,Sunday,7,8,2011,,,,,0,0,0
2011-08-15,d_199,2011_33,Monday,1,8,2011,,,,,0,0,0
2011-08-16,d_200,2011_33,Tuesday,2,8,2011,,,,,0,0,0
2011-08-17,d_201,2011_33,Wednesday,3,8,2011,,,,,0,0,0
2011-08-18,d_202,2011_33,Thursday,4,8,2011,,,,,0,0,0
2011-08-19,d_203,2011_33,Friday,5,8,2011,,,,,0,0,0
2011-08-20,d_204,2011_33,Saturday,6,8,2011,,,,,0,0,0
2011-08-21,d_205,2011_33,Sunday,7,8,2011,,,,,0,0,0
2011-08-22,d_206,2011_34,Monday,1,8,2011,,,,,0,0,0
2011-08-23,d_207,2011_34,Tuesday,2,8,2011,,,,,0,0,0
2011-08-24,d_208,2011_34,Wednesday,3,8,2011,,,,,0,0,0
2011-08-25,d_209,2011_34,Thursday,4,8,2011,,,,,0,0,0
2011-08-26,d_210,2011_34,Friday,5,8,2011,,,,,0,0,0
2011-08-27,d_211,2011_34,Saturday,6,8,2011,,,,,0,0,0
2011-08-28,d_212,2011_34,Sunday,7,8,2011,,,,,0,0,0
2011-08-29,d_213,2011_35,Monday,1,8,2011,,,,,0,0,0
2011-08-30,d_214,2011_35,Tuesday,2,8,2011,,,,,0,0,0
2011-08-31,d_215,2011_35,Wednesday,3,8,2011,,,,,0,0,0
2011-09-01,d_216,2011_35,Thursday,4,9,2011,,,,,0,0,0
2011-09-02,d_217,2011_35,Friday,5,9,2011,,,,,0,0,0
2011-09-03,d_218,2011_35,Saturday,6,9,2011,,,,,0,0,0
2011-09-04,d_219,2011_35,Sunday,7,9,2011,,,,,0,0,0
2011-09-05,d_220,2011_36,Monday,1,9,2011,,,,,0,0,0
2011-09-06,d_221,2011_36,Tuesday,2,9,2011,,,,,0,0,0
2011-09-07,d_222,2011_36,Wednesday,3,9,2011,,,,,0,0,0
2011-09-08,d_223,2011_36,Thursday,4,9,2011,,,,,0,0,0
2011-09-09,d_224,2011_36,Friday,5,9,2011,,,,,0,0,0
2011-09-10,d_225,2011_36,Saturday,6,9,2011,,,,,0,0,0
2011-09-11,d_226,2011_36,Sunday,7,9,2011,,,,,0,0,0
2011-09-12,d_227,2011_37,Monday,1,9,2011,,,,,0,0,0
2011-09-13,d_228,2011_37,Tuesday,2,9,2011,,,,,0,0,0
2011-09-14,d_229,2011_37,Wednesday,3,9,2011,,,,,0,0,0
2011-09-15,d_230,2011_37,Thursday,4,9,2011,,,,,0,0,0
2011-09-16,d_231,2011_37,Friday,5,9,2011,,,,,0,0,0
2011-09-17,d_232,2011_37,Saturday,6,9,2011,,,,,0,0,0
2011-09-18,d_233,2011_37,Sunday,7,9,2011,,,,,0,0,0
2011-09-19,d_234,2011_38,Monday,1,9,2011,,,,,0,0,0
2011-09-20,d_235,2011_38,Tuesday,2,9,2011,,,,,0,0,0
2011-09-21,d_236,2011_38,Wednesday,3,9,2011,,,,,0,0,0
2011-09-22,d_237,2011_38,Thursday,4,9,2011,,,,,0,0,0
2011-09-23,d_238,2011_38,Friday,5,9,2011,,,,,0,0,0
2011-09-24,d_239,2011_38,Saturday,6,9,2011,,,,,0,0,0
2011-09-25,d_240,2011_38,Sunday,7,9,2011,,,,,0,0,0
2011-09-26,d_241,2011_39,Monday,1,9,2011,,,,,0,0,0
2011-09-27,d_242,2011_39,Tuesday,2,9,2011,,,,,0,0,0
2011-09-28,d_243,2011_39,Wednesday,3,9,2011,,,,,0,0,0
2011-09-29,d_244,2011_39,Thursday,4,9,2011,,,,,0,0,0
2011-09-30,d_245,2011_39,Friday,5,9,2011,,,,,0,0,0
2011-10-01,d_246,2011_39,Saturday,6,10,2011,,,,,0,0,0
2011-10-02,d_247,2011_39,Sunday,7,10,2011,,,,,0,0,0
2011-10-03,d_248,2011_40,Monday,1,10,2011,,,,,0,0,0
2011-10-04,d_249,2011_40,Tuesday,2,10,2011,,,,,0,0,0
2011-10-05,d_250,2011_40,Wednesday,3,10,2011,,,,,0,0,0
2011-10-06,d_251,2011_40,Thursday,4,10,2011,,,,,0,0,0
2011-10-07,d_252,2011_40,Friday,5,10,2011,,,,,0,0,0
2011-10-08,d_253,2011_40,Saturday,6,10,2011,,,,,0,0,0
2011-10-09,d_254,2011_40,Sunday,7,10,2011,,,,,0,0,0
2011-10-10,d_255,2011_41,Monday,1,10,2011,,,,,0,0,0
2011-10-11,d_256,2011_41,Tuesday,2,10,2011,,,,,0,0,0
2011-10-12,d_257,2011_41,Wednesday,3,10,2011,,,,,0,0,0
2011-10-13,d_258,2011_41,Thursday,4,10,2011,,,,,0,0,0
2011-10-14,d_259,2011_41,Friday,5,10,2011,,,,,0,0,0
2011-10-15,d_260,2011_41,Saturday,6,10,2011,,,,,0,0,0
2011-10-16,d_261,2011_41,Sunday,7,10,2011,,,,,0,0,0
2011-10-17,d_262,2011_42,Monday,1,10,2011,,,,,0,0,0
2011-10-18,d_263,2011_42,Tuesday,2,10,2011,,,,,0,0,0
2011-10-19,d_264,2011_42,Wednesday,3,10,2011,,,,,0,0,0
2011-10-20,d_265,2011_42,Thursday,4,10,2011,,,,,0,0,0
2011-10-21,d_266,2011_42,Friday,5,10,2011,,,,,0,0,0
2011-10-22,d_267,2011_42,Saturday,6,10,2011,,,,,0,0,0
2011-10-23,d_268,2011_42,Sunday,7,10,2011,,,,,0,0,0
2011-10-24,d_269,2011_43,Monday,1,10,2011,,,,,0,0,0
2011-10-25,d_270,2011_43,Tuesday,2,10,2011,,,,,0,0,0
2011-10-26,d_271,2011_43,Wednesday,3,10,2011,,,,,0,0,0
2011-10-27,d_272,2011_43,Thursday,4,10,2011,,,,,0,0,0
2011-10-28,d_273,2011_43,Friday,5,10,2011,,,,,0,0,0
2011-10-29,d_274,2011_43,Saturday,6,10,2011,,,,,0,0,0
2011-10-30,d_275,2011_43,Sunday,7,10,2011,,,,,0,0,0
2011-10-31,d_276,2011_44,Monday,1,10,2011,,,,,0,0,0
2011-11-01,d_277,2011_44,Tuesday,2,11,2011,,,,,0,0,0
2011-11-02,d_278,2011_44,Wednesday,3,11,2011,,,,,0,0,0
2011-11-03,d_279,2011_44,Thursday,4,11,2011,,,,,0,0,0
2011-11-04,d_280,2011_44,Friday,5,11,2011,,,,,0,0,0
2011-11-05,d_281,2011_44,Saturday,6,11,2011,,,,,0,0,0
2011-11-06,d_282,2011_44,Sunday,7,11,2011,,,,,0,0,0
2011-11-07,d_283,2011_45,Monday,1,11,2011,,,,,0,0,0
2011-11-08,d_284,2011_45,Tuesday,2,11,2011,,,,,0,0,0
2011-11-09,d_285,2011_45,Wednesday,3,11,2011,,,,,0,0,0
2011-11-10,d_286,2011_45,Thursday,4,11,2011,,,,,0,0,0
2011-11-11,d_287,2011_45,Friday,5,11,2011,,,,,0,0,0
2011-11-12,d_288,2011_45,Saturday,6,11,2011,,,,,0,0,0
2011-11-13,d_289,2011_45,Sunday,7,11,2011,,,,,0,0,0
2011-11-14,d_290,2011_46,Monday,1,11,2011,,,,,0,0,0
2011-11-15,d_291,2011_46,Tuesday,2,11,2011,,,,,0,0,0
2011-11-16,d_292,2011_46,Wednesday,3,11,2011,,,,,0,0,0
2011-11-17,d_293,2011_46,Thursday,4,11,2011,,,,,0,0,0
2011-11-18,d_294,2011_46,Friday,5,11,2011,,,,,0,0,0
2011-11-19,d_295,2011_46,Saturday,6,11,2011,,,,,0,0,0
2011-11-20,d_296,2011_46,Sunday,7,11,2011,,,,,0,0,0
2011-11-21,d_297,2011_47,Monday,1,11,2011,,,,,0,0,0
2011-11-22,d_298,2011_47,Tuesday,2,11,2011,,,,,0,0,0
2011-11-23,d_299,2011_47,Wednesday,3,11,2011,,,,,0,0,0
2011-11-24,d_300,2011_47,Thursday,4,11,2011,,,,,0,0,0
2011-11-25,d_301,2011_47,Friday,5,11,2011,,,,,0,0,0
2011-11-26,d_302,2011_47,Saturday,6,11,2011,,,,,0,0,0
2011-11-27,d_303,2011_47,Sunday,7,11,2011,,,,,0,0,0
2011-11-28,d_304,2011_48,Monday,1,11,2011,,,,,0,0,0
2011-11-29,d_305,2011_48,Tuesday,2,11,2011,,,,,0,0,0
2011-11-30,d_306,2011_48,Wednesday,3,11,2011,,,,,0,0,0
2011-12-01,d_307,2011_48,Thursday,4,12,2011,,,,,0,0,0
2011-12-02,d_308,2011_48,Friday,5,12,2011,,,,,0,0,0
2011-12-03,d_309,2011_48,Saturday,6,12,2011,,,,,0,0,0
2011-12-04,d_310,2011_48,Sunday,7,12,2011,,,,,0,0,0
2011-12-05,d_311,2011_49,Monday,1,12,2011,,,,,0,0,0
2011-12-06,d_312,2011_49,Tuesday,2,12,2011,,,,,0,0,0
2011-12-07,d_313,2011_49,Wednesday,3,12,2011,,,,,0,0,0
2011-12-08,d_314,2011_49,Thursday,4,12,2011,,,,,0,0,0
2011-12-09,d_315,2011_49,Friday,5,12,2011,,,,,0,0,0
2011-12-10,d_316,2011_49,Saturday,6,12,2011,,,,,0,0,0
2011-12-11,d_317,2011_49,Sunday,7,12,2011,,,,,0,0,0
2011-12-12,d_318,2011_50,Monday,1,12,2011,,,,,0,0,0
2011-12-13,d_319,2011_50,Tuesday,2,12,2011,,,,,0,0,0
2011-12-14,d_320,2011_50,Wednesday,3,12,2011,,,,,0,0,0
2011-12-15,d_321,2011_50,Thursday,4,12,2011,,,,,0,0,0
2011-12-16,d_322,2011_50,Friday,5,12,2011,,,,,0,0,0
2011-12-17,d_323,2011_50,Saturday,6,12,2011,,,,,0,0,0
2011-12-18,d_324,2011_50,Sunday,7,12,2011,,,,,0,0,0
2011-12-19,d_325,2011_51,Monday,1,12,2011,,,,,0,0,0
2011-12-20,d_326,2011_51,Tuesday,2,12,2011,,,,,0,0,0
2011-12-21,d_327,2011_51,Wednesday,3,12,2011,,,,,0,0,0
2011-12-22,d_328,2011_51,Thursday,4,12,2011,,,,,0,0,0
2011-12-23,d_329,2011_51,Friday,5,12,2011,,,,,0,0,0
2011-12-24,d_330,2011_51,Saturday,6,12,2011,,,,,0,0,0
2011-12-25,d_331,2011_51,Sunday,7,12,2011,,,,,0,0,0
2011-12-26,d_332,2011_52,Monday,1,12,2011,,,,,0,0,0
2011-12-27,d_333,2011_52,Tuesday,2,12,2011,,,,,0,0,0
2011-12-28,d_334,2011_52,Wednesday,3,12,2011,,,,,0,0,0
2011-12-29,d_335,2011_52,Thursday,4,12,2011,,,,,0,0,0
2011-12-30,d_336,2011_52,Friday,5,12,2011,,,,,0,0,0
2011-12-31,d_337,2011_52,Saturday,6,12,2011,,,,,0,0,0
2012-01-01,d_338,2012_52,Sunday,7,1,2012,,,,,0,0,0
2012-01-02,d_339,2012_01,Monday,1,1,2012,,,,,0,0,0
2012-01-03,d_340,2012_01,Tuesday,2,1,2012,,,,,0,0,0
2012-01-04,d_341,2012_01,Wednesday,3,1,2012,,,,,0,0,0
2012-01-05,d_342,2012_01,Thursday,4,1,2012,,,,,0,0,0
2012-01-06,d_343,2012_01,Friday,5,1,2012,,,,,0,0,0
2012-01-07,d_344,2012_01,Saturday,6,1,2012,,,,,0,0,0
2012-01-08,d_345,2012_01,Sunday,7,1,2012,,,,,0,0,0
2012-01-09,d_346,2012_02,Monday,1,1,2012,,,,,0,0,0
2012-01-10,d_347,2012_02,Tuesday,2,1,2012,,,,,0,0,0
2012-01-11,d_348,2012_02,Wednesday,3,1,2012,,,,,0,0,0
2012-01-12,d_349,2012_02,Thursday,4,1,2012,,,,,0,0,0
2012-01-13,d_350,2012_02,Friday,5,1,2012,,,,,0,0,0
2012-01-14,d_351,2012_02,Saturday,6,1,2012,,,,,0,0,0
2012-01-15,d_352,2012_02,Sunday,7,1,2012,,,,,0,0,0
2012-01-16,d_353,2012_03,Monday,1,1,2012,,,,,0,0,0
2012-01-17,d_354,2012_03,Tuesday,2,1,2012,,,,,0,0,0
2012-01-18,d_355,2012_03,Wednesday,3,1,2012,,,,,0,0,0
2012-01-19,d_356,2012_03,Thursday,4,1,2012,,,,,0,0,0
2012-01-20,d_357,2012_03,Friday,5,1,2012,,,,,0,0,0
2012-01-21,d_358,2012_03,Saturday,6,1,2012,,,,,0,0,0
2012-01-22,d_359,2012_03,Sunday,7,1,2012,,,,,0,0,0
2012-01-23,d_360,2012_04,Monday,1,1,2012,,,,,0,0,0
2012-01-24,d_361,2012_04,Tuesday,2,1,2012,,,,,0,0,0
2012-01-25,d_362,2012_04,Wednesday,3,1,2012,,,,,0,0,0
2012-01-26,d_363,2012_04,Thursday,4,1,2012,,,,,0,0,0
2012-01-27,d_364,2012_04,Friday,5,1,2012,,,,,0,0,0
2012-01-28,d_365,2012_04,Saturday,6,1,2012,,,,,0,0,0
2012-01-29,d_366,2012_04,Sunday,7,1,2012,,,,,0,0,0
2012-01-30,d_367,2012_05,Monday,1,1,2012,,,,,0,0,0
2012-01-31,d_368,2012_05,Tuesday,2,1,2012,,,,,0,0,0
2012-02-01,d_369,2012_05,Wednesday,3,2,2012,,,,,0,0,0
2012-02-02,d_370,2012_05,Thursday,4,2,2012,,,,,0,0,0
2012-02-03,d_371,2012_05,Friday,5,2,2012,,,,,0,0,0
2012-02-04,d_372,2012_05,Saturday,6,2,2012,,,,,0,0,0
2012-02-05,d_373,2012_05,Sunday,7,2,2012,,,,,0,0,0
2012-02-06,d_374,2012_06,Monday,1,2,2012,,,,,0,0,0
2012-02-07,d_375,2012_06,Tuesday,2,2,2012,,,,,0,0,0
2012-02-08,d_376,2012_06,Wednesday,3,2,2012,,,,,0,0,0
2012-02-09,d_377,2012_06,Thursday,4,2,2012,,,,,0,0,0
2012-02-10,d_378,2012_06,Friday,5,2,2012,,,,,0,0,0
2012-02-11,d_379,2012_06,Saturday,6,2,2012,,,,,0,0,0
2012-02-12,d_380,2012_06,Sunday,7,2,2012,,,,,0,0,0
2012-02-13,d_381,2012_07,Monday,1,2,2012,,,,,0,0,0
2012-02-14,d_382,2012_07,Tuesday,2,2,2012,,,,,0,0,0
2012-02-15,d_383,2012_07,Wednesday,3,2,2012,,,,,0,0,0
2012-02-16,d_384,2012_07,Thursday,4,2,2012,,,,,0,0,0
2012-02-17,d_385,2012_07,Friday,5,2,2012,,,,,0,0,0
2012-02-18,d_386,2012_07,Saturday,6,2,2012,,,,,0,0,0
2012-02-19,d_387,2012_07,Sunday,7,2,2012,,,,,0,0,0
2012-02-20,d_388,2012_08,Monday,1,2,2012,,,,,0,0,0
2012-02-21,d_389,2012_08,Tuesday,2,2,2012,,,,,0,0,0
2012-02-22,d_390,2012_08,Wednesday,3,2,2012,,,,,0,0,0
2012-02-23,d_391,2012_08,Thursday,4,2,2012,,,,,0,0,0
2012-02-24,d_392,2012_08,Friday,5,2,2012,,,,,0,0,0
2012-02-25,d_393,2012_08,Saturday,6,2,2012,,,,,0,0,0
2012-02-26,d_394,2012_08,Sunday,7,2,2012,,,,,0,0,0
2012-02-27,d_395,2012_09,Monday,1,2,2012,,,,,0,0,0
2012-02-28,d_396,2012_09,Tuesday,2,2,2012,,,,,0,0,0
2012-02-29,d_397,2012_09,Wednesday,3,2,2012,,,,,0,0,0
2012-03-01,d_398,2012_09,Thursday,4,3,2012,,,,,0,0,0
2012-03-02,d_399,2012_09,Friday,5,3,2012,,,,,0,0,0
2012-03-03,d_400,2012_09,Saturday,6,3,2012,,,,,0,0,0
2012-03-04,d_401,2012_09,Sunday,7,3,2012,,,,,0,0,0
2012-03-05,d_402,2012_10,Monday,1,3,2012,,,,,0,0,0
2012-03-06,d_403,2012_10,Tuesday,2,3,2012,,,,,0,0,0
2012-03-07,d_404,2012_10,Wednesday,3,3,2012,,,,,0,0,0
2012-03-08,d_405,2012_10,Thursday,4,3,2012,,,,,0,0,0
2012-03-09,d_406,2012_10,Friday,5,3,2012,,,,,0,0,0
2012-03-10,d_407,2012_10,Saturday,6,3,2012,,,,,0,0,0
2012-03-11,d_408,2012_10,Sunday,7,3,2012,,,,,0,0,0
2012-03-12,d_409,2012_11,Monday,1,3,2012,,,,,0,0,0
2012-03-13,d_410,2012_11,Tuesday,2,3,2012,,,,,0,0,0
2012-03-14,d_411,2012_11,Wednesday,3,3,2012,,,,,0,0,0
2012-03-15,d_412,2012_11,Thursday,4,3,2012,,,,,0,0,0
2012-03-16,d_413,2012_11,Friday,5,3,2012,,,,,0,0,0
2012-03-17,d_414,2012_11,Saturday,6,3,2012,,,,,0,0,0
2012-03-18,d_415,2012_11,Sunday,7,3,2012,,,,,0,0,0
2012-03-19,d_416,2012_12,Monday,1,3,2012,,,,,0,0,0
2012-03-20,d_417,2012_12,Tuesday,2,3,2012,,,,,0,0,0
2012-03-21,d_418,2012_12,Wednesday,3,3,2012,,,,,0,0,0
2012-03-22,d_419,2012_12,Thursday,4,3,2012,,,,,0,0,0
2012-03-23,d_420,2012_12,Friday,5,3,2012,,,,,0,0,0
2012-03-24,d_421,2012_12,Saturday,6,3,2012,,,,,0,0,0
2012-03-25,d_422,2012_12,Sunday,7,3,2012,,,,,0,0,0
2012-03-26,d_423,2012_13,Monday,1,3,2012,,,,,0,0,0
2012-03-27,d_424,2012_13,Tuesday,2,3,2012,,,,,0,0,0
2012-03-28,d_425,2012_13,Wednesday,3,3,2012,,,,,0,0,0
2012-03-29,d_426,2012_13,Thursday,4,3,2012,,,,,0,0,0
2012-03-30,d_427,2012_13,Friday,5,3,2012,,,,,0,0,0
2012-03-31,d_428,2012_13,Saturday,6,3,2012,,,,,0,0,0
2012-04-01,d_429,2012_13,Sunday,7,4,2012,,,,,0,0,0
2012-04-02,d_430,2012_14,Monday,1,4,2012,,,,,0,0,0
2012-04-03,d_431,2012_14,Tuesday,2,4,2012,,,,,0,0,0
2012-04-04,d_432,2012_14,Wednesday,3,4,2012,,,,,0,0,0
2012-04-05,d_433,2012_14,Thursday,4,4,2012,,,,,0,0,0
2012-04-06,d_434,2012_14,Friday,5,4,2012,,,,,0,0,0
2012-04-07,d_435,2012_14,Saturday,6,4,2012,,,,,0,0,0
2012-04-08,d_436,2012_14,Sunday,7,4,2012,,,,,0,0,0
2012-04-09,d_437,2012_15,Monday,1,4,2012,,,,,0,0,0
2012-04-10,d_438,2012_15,Tuesday,2,4,2012,,,,,0,0,0
2012-04-11,d_439,2012_15,Wednesday,3,4,2012,,,,,0,0,0
2012-04-12,d_440,2012_15,Thursday,4,4,2012,,,,,0,0,0
2012-04-13,d_441,2012_15,Friday,5,4,2012,,,,,0,0,0
2012-04-14,d_442,2012_15,Saturday,6,4,2012,,,,,0,0,0
2012-04-15,d_443,2012_15,Sunday,7,4,2012,,,,,0,0,0
2012-04-16,d_444,2012_16,Monday,1,4,2012,,,,,0,0,0
2012-04-17,d_445,2012_16,Tuesday,2,4,2012,,,,,0,0,0
2012-04-18,d_446,2012_16,Wednesday,3,4,2012,,,,,0,0,0
2012-04-19,d_447,2012_16,Thursday,4,4,2012,,,,,0,0,0
2012-04-20,d_448,2012_16,Friday,5,4,2012,,,,,0,0,0
2012-04-21,d_449,2012_16,Saturday,6,4,2012,,,,,0,0,0
2012-04-22,d_450,2012_16,Sunday,7,4,2012,,,,,0,0,0
2012-04-23,d_451,2012_17,Monday,1,4,2012,,,,,0,0,0
2012-04-24,d_452,2012_17,Tuesday,2,4,2012,,,,,0,0,0
2012-04-25,d_453,2012_17,Wednesday,3,4,2012,,,,,0,0,0
2012-04-26,d_454,2012_17,Thursday,4,4,2012,,,,,0,0,0
2012-04-27,d_455,2012_17,Friday,5,4,2012,,,,,0,0,0
2012-04-28,d_456,2012_17,Saturday,6,4,2012,,,,,0,0,0
2012-04-29,d_457,2012_17,Sunday,7,4,2012,,,,,0,0,0
2012-04-30,d_458,2012_18,Monday,1,4,2012,,,,,0,0,0
2012-05-01,d_459,2012_18,Tuesday,2,5,2012,,,,,0,0,0
2012-05-02,d_460,2012_18,Wednesday,3,5,2012,,,,,0,0,0
2012-05-03,d_461,2012_18,Thursday,4,5,2012,,,,,0,0,0
2012-05-04,d_462,2012_18,Friday,5,5,2012,,,,,0,0,0
2012-05-05,d_463,2012_18,Saturday,6,5,2012,,,,,0,0,0
2012-05-06,d_464,2012_18,Sunday,7,5,2012,,,,,0,0,0
2012-05-07,d_465,2012_19,Monday,1,5,2012,,,,,0,0,0
2012-05-08,d_466,2012_19,Tuesday,2,5,2012,,,,,0,0,0
2012-05-09,d_467,2012_19,Wednesday,3,5,2012,,,,,0,0,0
2012-05-10,d_468,2012_19,Thursday,4,5,2012,,,,,0,0,0
2012-05-11,d_469,2012_19,Friday,5,5,2012,,,,,0,0,0
2012-05-12,d_470,2012_19,Saturday,6,5,2012,,,,,0,0,0
2012-05-13,d_471,2012_19,Sunday,7,5,2012,,,,,0,0,0
2012-05-14,d_472,2012_20,Monday,1,5,2012,,,,,0,0,0
2012-05-15,d_473,2012_20,Tuesday,2,5,2012,,,,,0,0,0
2012-05-16,d_474,2012_20,Wednesday,3,5,2012,,,,,0,0,0
2012-05-17,d_475,2012_20,Thursday,4,5,2012,,,,,0,0,0
2012-05-18,d_476,2012_20,Friday,5,5,2012,,,,,0,0,0
2012-05-19,d_477,2012_20,Saturday,6,5,2012,,,,,0,0,0
2012-05-20,d_478,2012_20,Sunday,7,5,2012,,,,,0,0,0
2012-05-21,d_479,2012_21,Monday,1,5,2012,,,,,0,0,0
2012-05-22,d_480,2012_21,Tuesday,2,5,2012,,,,,0,0,0
2012-05-23,d_481,2012_21,Wednesday,3,5,2012,,,,,0,0,0
2012-05-24,d_482,2012_21,Thursday,4,5,2012,,,,,0,0,0
2012-05-25,d_483,2012_21,Friday,5,5,2012,,,,,0,0,0
2012-05-26,d_484,2012_21,Saturday,6,5,2012,,,,,0,0,0
2012-05-27,d_485,2012_21,Sunday,7,5,2012,,,,,0,0,0
2012-05-28,d_486,2012_22,Monday,1,5,2012,,,,,0,0,0
2012-05-29,d_487,2012_22,Tuesday,2,5,2012,,,,,0,0,0
2012-05-30,d_488,2012_22,Wednesday,3,5,2012,,,,,0,0,0
2012-05-31,d_489,2012_22,Thursday,4,5,2012,,,,,0,0,0
2012-06-01,d_490,2012_22,Friday,5,6,2012,,,,,0,0,0
2012-06-02,d_491,2012_22,Saturday,6,6,2012,,,,,0,0,0
2012-06-03,d_492,2012_22,Sunday,7,6,2012,,,,,0,0,0
2012-06-04,d_493,2012_23,Monday,1,6,2012,,,,,0,0,0
2012-06-05,d_494,2012_23,Tuesday,2,6,2012,,,,,0,0,0
2012-06-06,d_495,2012_23,Wednesday,3,6,2012,,,,,0,0,0
2012-06-07,d_496,2012_23,Thursday,4,6,2012,,,,,0,0,0
2012-06-08,d_497,2012_23,Friday,5,6,2012,,,,,0,0,0
2012-06-09,d_498,2012_23,Saturday,6,6,2012,,,,,0,0,0
2012-06-10,d_499,2012_23,Sunday,7,6,2012,,,,,0,0,0
2012-06-11,d_500,2012_24,Monday,1,6,2012,,,,,0,0,0
2012-06-12,d_501,2012_24,Tuesday,2,6,2012,,,,,0,0,0
2012-06-13,d_502,2012_24,Wednesday,3,6,2012,,,,,0,0,0
2012-06-14,d_503,2012_24,Thursday,4,6,2012,,,,,0,0,0
2012-06-15,d_504,2012_24,Friday,5,6,2012,,,,,0,0,0
2012-06-16,d_505,2012_24,Saturday,6,6,2012,,,,,0,0,0
2012-06-17,d_506,2012_24,Sunday,7,6,2012,,,,,0,0,0
2012-06-18,d_507,2012_25,Monday,1,6,2012,,,,,0,0,0
2012-06-19,d_508,2012_25,Tuesday,2,6,2012,,,,,0,0,0
2012-06-20,d_509,2012_25,Wednesday,3,6,2012,,,,,0,0,0
2012-06-21,d_510,2012_25,Thursday,4,6,2012,,,,,0,0,0
2012-06-22,d_511,2012_25,Friday,5,6,2012,,,,,0,0,0
2012-06-23,d_512,2012_25,Saturday,6,6,2012,,,,,0,0,0
2012-06-24,d_513,2012_25,Sunday,7,6,2012,,,,,0,0,0
2012-06-25,d_514,2012_26,Monday,1,6,2012,,,,,0,0,0
2012-06-26,d_515,2012_26,Tuesday,2,6,2012,,,,,0,0,0
2012-06-27,d_516,2012_26,Wednesday,3,6,2012,,,,,0,0,0
2012-06-28,d_517,2012_26,Thursday,4,6,2012,,,,,0,0,0
2012-06-29,d_518,2012_26,Friday,5,6,2012,,,,,0,0,0
2012-06-30,d_519,2012_26,Saturday,6,6,2012,,,,,0,0,0
2012-07-01,d_520,2012_26,Sunday,7,7,2012,,,,,0,0,0
2012-07-02,d_521,2012_27,Monday,1,7,2012,,,,,0,0,0
2012-07-03,d_522,2012_27,Tuesday,2,7,2012,,,,,0,0,0
2012-07-04,d_523,2012_27,Wednesday,3,7,2012,,,,,0,0,0
2012-07-05,d_524,2012_27,Thursday,4,7,2012,,,,,0,0,0
2012-07-06,d_525,2012_27,Friday,5,7,2012,,,,,0,0,0
2012-07-07,d_526,2012_27,Saturday,6,7,2012,,,,,0,0,0
2012-07-08,d_527,2012_27,Sunday,7,7,2012,,,,,0,0,0
2012-07-09,d_528,2012_28,Monday,1,7,2012,,,,,0,0,0
2012-07-10,d_529,2012_28,Tuesday,2,7,2012,,,,,0,0,0
2012-07-11,d_530,2012_28,Wednesday,3,7,2012,,,,,0,0,0
2012-07-12,d_531,2012_28,Thursday,4,7,2012,,,,,0,0,0
2012-07-13,d_532,2012_28,Friday,5,7,2012,,,,,0,0,0
2012-07-14,d_533,2012_28,Saturday,6,7,2012,,,,,0,0,0
2012-07-15,d_534,2012_28,Sunday,7,7,2012,,,,,0,0,0
2012-07-16,d_535,2012_29,Monday,1,7,2012,,,,,0,0,0
2012-07-17,d_536,2012_29,Tuesday,2,7,2012,,,,,0,0,0
2012-07-18,d_537,2012_29,Wednesday,3,7,2012,,,,,0,0,0
2012-07-19,d_538,2012_29,Thursday,4,7,2012,,,,,0,0,0
2012-07-20,d_539,2012_29,Friday,5,7,2012,,,,,0,0,0
2012-07-21,d_540,2012_29,Saturday,6,7,2012,,,,,0,0,0
2012-07-22,d_541,2012_29,Sunday,7,7,2012,,,,,0,0,0
2012-07-23,d_542,2012_30,Monday,1,7,2012,,,,,0,0,0
2012-07-24,d_543,2012_30,Tuesday,2,7,2012,,,,,0,0,0
2012-07-25,d_544,2012_30,Wednesday,3,7,2012,,,,,0,0,0
2012-07-26,d_545,2012_30,Thursday,4,7,2012,,,,,0,0,0
2012-07-27,d_546,2012_30,Friday,5,7,2012,,,,,0,0,0
2012-07-28,d_547,2012_30,Saturday,6,7,2012,,,,,0,0,0
2012-07-29,d_548,2012_30,Sunday,7,7,2012,,,,,0,0,0
2012-07-30,d_549,2012_31,Monday,1,7,2012,,,,,0,0,0
2012-07-31,d_550,2012_31,Tuesday,2,7,2012,,,,,0,0,0
2012-08-01,d_551,2012_31,Wednesday,3,8,2012,,,,,0,0,0
2012-08-02,d_552,2012_31,Thursday,4,8,2012,,,,,0,0,0
2012-08-03,d_553,2012_31,Friday,5,8,2012,,,,,0,0,0
2012-08-04,d_554,2012_31,Saturday,6,8,2012,,,,,0,0,0
2012-08-05,d_555,2012_31,Sunday,7,8,2012,,,,,0,0,0
2012-08-06,d_556,2012_32,Monday,1,8,2012,,,,,0,0,0
2012-08-07,d_557,2012_32,Tuesday,2,8,2012,,,,,0,0,0
2012-08-08,d_558,2012_32,Wednesday,3,8,2012,,,,,0,0,0
2012-08-09,d_559,2012_32,Thursday,4,8,2012,,,,,0,0,0
2012-08-10,d_560,2012_32,Friday,5,8,2012,,,,,0,0,0
2012-08-11,d_561,2012_32,Saturday,6,8,2012,,,,,0,0,0
2012-08-12,d_562,2012_32,Sunday,7,8,2012,,,,,0,0,0
2012-08-13,d_563,2012_33,Monday,1,8,2012,,,,,0,0,0
2012-08-14,d_564,2012_33,Tuesday,2,8,2012,,,,,0,0,0
2012-08-15,d_565,2012_33,Wednesday,3,8,2012,,,,,0,0,0
2012-08-16,d_566,2012_33,Thursday,4,8,2012,,,,,0,0,0
2012-08-17,d_567,2012_33,Friday,5,8,2012,,,,,0,0,0
2012-08-18,d_568,2012_33,Saturday,6,8,2012,,,,,0,0,0
2012-08-19,d_569,2012_33,Sunday,7,8,2012,,,,,0,0,0
2012-08-20,d_570,2012_34,Monday,1,8,2012,,,,,0,0,0
2012-08-21,d_571,2012_34,Tuesday,2,8,2012,,,,,0,0,0
2012-08-22,d_572,2012_34,Wednesday,3,8,2012,,,,,0,0,0
2012-08-23,d_573,2012_34,Thursday,4,8,2012,,,,,0,0,0
2012-08-24,d_574,2012_34,Friday,5,8,2012,,,,,0,0,0
2012-08-25,d_575,2012_34,Saturday,6,8,2012,,,,,0,0,0
2012-08-26,d_576,2012_34,Sunday,7,8,2012,,,,,0,0,0
2012-08-27,d_577,2012_35,Monday,1,8,2012,,,,,0,0,0
2012-08-28,d_578,2012_35,Tuesday,2,8,2012,,,,,0,0,0
2012-08-29,d_579,2012_35,Wednesday,3,8,2012,,,,,0,0,0
2012-08-30,d_580,2012_35,Thursday,4,8,2012,,,,,0,0,0
2012-08-31,d_581,2012_35,Friday,5,8,2012,,,,,0,0,0
2012-09-01,d_582,2012_35,Saturday,6,9,2012,,,,,0,0,0
2012-09-02,d_583,2012_35,Sunday,7,9,2012,,,,,0,0,0
2012-09-03,d_584,2012_36,Monday,1,9,2012,,,,,0,0,0
2012-09-04,d_585,2012_36,Tuesday,2,9,2012,,,,,0,0,0
2012-09-05,d_586,2012_36,Wednesday,3,9,2012,,,,,0,0,0
2012-09-06,d_587,2012_36,Thursday,4,9,2012,,,,,0,0,0
2012-09-07,d_588,2012_36,Friday,5,9,2012,,,,,0,0,0
2012-09-08,d_589,2012_36,Saturday,6,9,2012,,,,,0,0,0
2012-09-09,d_590,2012_36,Sunday,7,9,2012,,,,,0,0,0
2012-09-10,d_591,2012_37,Monday,1,9,2012,,,,,0,0,0
2012-09-11,d_592,2012_37,Tuesday,2,9,2012,,,,,0,0,0
2012-09-12,d_593,2012_37,Wednesday,3,9,2012,,,,,0,0,0
2012-09-13,d_594,2012_37,Thursday,4,9,2012,,,,,0,0,0
2012-09-14,d_595,2012_37,Friday,5,9,2012,,,,,0,0,0
2012-09-15,d_596,2012_37,Saturday,6,9,2012,,,,,0,0,0
2012-09-16,d_597,2012_37,Sunday,7,9,2012,,,,,0,0,0
2012-09-17,d_598,2012_38,Monday,1,9,2012,,,,,0,0,0
2012-09-18,d_599,2012_38,Tuesday,2,9,2012,,,,,0,0,0
2012-09-19,d_600,2012_38,Wednesday,3,9,2012,,,,,0,0,0
2012-09-20,d_601,2012_38,Thursday,4,9,2012,,,,,0,0,0
2012-09-21,d_602,2012_38,Friday,5,9,2012,,,,,0,0,0
2012-09-22,d_603,2012_38,Saturday,6,9,2012,,,,,0,0,0
2012-09-23,d_604,2012_38,Sunday,7,9,2012,,,,,0,0,0
2012-09-24,d_605,2012_39,Monday,1,9,2012,,,,,0,0,0
2012-09-25,d_606,2012_39,Tuesday,2,9,2012,,,,,0,0,0
2012-09-26,d_607,2012_39,Wednesday,3,9,2012,,,,,0,0,0
2012-09-27,d_608,2012_39,Thursday,4,9,2012,,,,,0,0,0
2012-09-28,d_609,2012_39,Friday,5,9,2012,,,,,0,0,0
2012-09-29,d_610,2012_39,Saturday,6,9,2012,,,,,0,0,0
2012-09-30,d_611,2012_39,Sunday,7,9,2012,,,,,0,0,0
2012-10-01,d_612,2012_40,Monday,1,10,2012,,,,,0,0,0
2012-10-02,d_613,2012_40,Tuesday,2,10,2012,,,,,0,0,0
2012-10-03,d_614,2012_40,Wednesday,3,10,2012,,,,,0,0,0
2012-10-04,d_615,2012_40,Thursday,4,10,2012,,,,,0,0,0
2012-10-05,d_616,2012_40,Friday,5,10,2012,,,,,0,0,0
2012-10-06,d_617,2012_40,Saturday,6,10,2012,,,,,0,0,0
2012-10-07,d_618,2012_40,Sunday,7,10,2012,,,,,0,0,0
2012-10-08,d_619,2012_41,Monday,1,10,2012,,,,,0,0,0
2012-10-09,d_620,2012_41,Tuesday,2,10,2012,,,,,0,0,0
2012-10-10,d_621,2012_41,Wednesday,3,10,2012,,,,,0,0,0
2012-10-11,d_622,2012_41,Thursday,4,10,2012,,,,,0,0,0
2012-10-12,d_623,2012_41,Friday,5,10,2012,,,,,0,0,0
2012-10-13,d_624,2012_41,Saturday,6,10,2012,,,,,0,0,0
2012-10-14,d_625,2012_41,Sunday,7,10,2012,,,,,0,0,0
2012-10-15,d_626,2012_42,Monday,1,10,2012,,,,,0,0,0
2012-10-16,d_627,2012_42,Tuesday,2,10,2012,,,,,0,0,0
2012-10-17,d_628,2012_42,Wednesday,3,10,2012,,,,,0,0,0
2012-10-18,d_629,2012_42,Thursday,4,10,2012,,,,,0,0,0
2012-10-19,d_630,2012_42,Friday,5,10,2012,,,,,0,0,0
2012-10-20,d_631,2012_42,Saturday,6,10,2012,,,,,0,0,0
2012-10-21,d_632,2012_42,Sunday,7,10,2012,,,,,0,0,0
2012-10-22,d_633,2012_43,Monday,1,10,2012,,,,,0,0,0
2012-10-23,d_634,2012_43,Tuesday,2,10,2012,,,,,0,0,0
2012-10-24,d_635,2012_43,Wednesday,3,10,2012,,,,,0,0,0
2012-10-25,d_636,2012_43,Thursday,4,10,2012,,,,,0,0,0
2012-10-26,d_637,2012_43,Friday,5,10,2012,,,,,0,0,0
2012-10-27,d_638,2012_43,Saturday,6,10,2012,,,,,0,0,0
2012-10-28,d_639,2012_43,Sunday,7,10,2012,,,,,0,0,0
2012-10-29,d_640,2012_44,Monday,1,10,2012,,,,,0,0,0
2012-10-30,d_641,2012_44,Tuesday,2,10,2012,,,,,0,0,0
2012-10-31,d_642,2012_44,Wednesday,3,10,2012,,,,,0,0,0
2012-11-01,d_643,2012_44,Thursday,4,11,2012,,,,,0,0,0
2012-11-02,d_644,2012_44,Friday,5,11,2012,,,,,0,0,0
2012-11-03,d_645,2012_44,Saturday,6,11,2012,,,,,0,0,0
2012-11-04,d_646,2012_44,Sunday,7,11,2012,,,,,0,0,0
2012-11-05,d_647,2012_45,Monday,1,11,2012,,,,,0,0,0
2012-11-06,d_648,2012_45,Tuesday,2,11,2012,,,,,0,0,0
2012-11-07,d_649,2012_45,Wednesday,3,11,2012,,,,,0,0,0
2012-11-08,d_650,2012_45,Thursday,4,11,2012,,,,,0,0,0
2012-11-09,d_651,2012_45,Friday,5,11,2012,,,,,0,0,0
2012-11-10,d_652,2012_45,Saturday,6,11,2012,,,,,0,0,0
2012-11-11,d_653,2012_45,Sunday,7,11,2012,,,,,0,0,0
2012-11-12,d_654,2012_46,Monday,1,11,2012,,,,,0,0,0
2012-11-13,d_655,2012_46,Tuesday,2,11,2012,,,,,0,0,0
2012-11-14,d_656,2012_46,Wednesday,3,11,2012,,,,,0,0,0
2012-11-15,d_657,2012_46,Thursday,4,11,2012,,,,,0,0,0
2012-11-16,d_658,2012_46,Friday,5,11,2012,,,,,0,0,0
2012-11-17,d_659,2012_46,Saturday,6,11,2012,,,,,0,0,0
2012-11-18,d_660,2012_46,Sunday,7,11,2012,,,,,0,0,0
2012-11-19,d_661,2012_47,Monday,1,11,2012,,,,,0,0,0
2012-11-20,d_662,2012_47,Tuesday,2,11,2012,,,,,0,0,0
2012-11-21,d_663,2012_47,Wednesday,3,11,2012,,,,,0,0,0
2012-11-22,d_664,2012_47,Thursday,4,11,2012,,,,,0,0,0
2012-11-23,d_665,2012_47,Friday,5,11,2012,,,,,0,0,0
2012-11-24,d_666,2012_47,Saturday,6,11,2012,,,,,0,0,0
2012-11-25,d_667,2012_47,Sunday,7,11,2012,,,,,0,0,0
2012-11-26,d_668,2012_48,Monday,1,11,2012,,,,,0,0,0
2012-11-27,d_669,2012_48,Tuesday,2,11,2012,,,,,0,0,0
2012-11-28,d_670,2012_48,Wednesday,3,11,2012,,,,,0,0,0
2012-11-29,d_671,2012_48,Thursday,4,11,2012,,,,,0,0,0
2012-11-30,d_672,2012_48,Friday,5,11,2012,,,,,0,0,0
2012-12-01,d_673,2012_48,Saturday,6,12,2012,,,,,0,0,0
2012-12-02,d_674,2012_48,Sunday,7,12,2012,,,,,0,0,0
2012-12-03,d_675,2012_49,Monday,1,12,2012,,,,,0,0,0
2012-12-04,d_676,2012_49,Tuesday,2,12,2012,,,,,0,0,0
2012-12-05,d_677,2012_49,Wednesday,3,12,2012,,,,,0,0,0
2012-12-06,d_678,2012_49,Thursday,4,12,2012,,,,,0,0,0
2012-12-07,d_679,2012_49,Friday,5,12,2012,,,,,0,0,0
2012-12-08,d_680,2012_49,Saturday,6,12,2012,,,,,0,0,0
2012-12-09,d_681,2012_49,Sunday,7,12,2012,,,,,0,0,0
2012-12-10,d_682,2012_50,Monday,1,12,2012,,,,,0,0,0
2012-12-11,d_683,2012_50,Tuesday,2,12,2012,,,,,0,0,0
2012-12-12,d_684,2012_50,Wednesday,3,12,2012,,,,,0,0,0
2012-12-13,d_685,2012_50,Thursday,4,12,2012,,,,,0,0,0
2012-12-14,d_686,2012_50,Friday,5,12,2012,,,,,0,0,0
2012-12-15,d_687,2012_50,Saturday,6,12,2012,,,,,0,0,0
2012-12-16,d_688,2012_50,Sunday,7,12,2012,,,,,0,0,0
2012-12-17,d_689,2012_51,Monday,1,12,2012,,,,,0,0,0
2012-12-18,d_690,2012_51,Tuesday,2,12,2012,,,,,0,0,0
2012-12-19,d_691,2012_51,Wednesday,3,12,2012,,,,,0,0,0
2012-12-20,d_692,2012_51,Thursday,4,12,2012,,,,,0,0,0
2012-12-21,d_693,2012_51,Friday,5,12,2012,,,,,0,0,0
2012-12-22,d_694,2012_51,Saturday,6,12,2012,,,,,0,0,0
2012-12-23,d_695,2012_51,Sunday,7,12,2012,,,,,0,0,0
2012-12-24,d_696,2012_52,Monday,1,12,2012,,,,,0,0,0
2012-12-25,d_697,2012_52,Tuesday,2,12,2012,,,,,0,0,0
2012-12-26,d_698,2012_52,Wednesday,3,12,2012,,,,,0,0,0
2012-12-27,d_699,2012_52,Thursday,4,12,2012,,,,,0,0,0
2012-12-28,d_700,2012_52,Friday,5,12,2012,,,,,0,0,0
2012-12-29,d_701,2012_52,Saturday,6,12,2012,,,,,0,0,0
2012-12-30,d_702,2012_52,Sunday,7,12,2012,,,,,0,0,0
2012-12-31,d_703,2012_01,Monday,1,12,2012,,,,,0,0,0
2013-01-01,d_704,2013_01,Tuesday,2,1,2013,,,,,0,0,0
2013-01-02,d_705,2013_01,Wednesday,3,1,2013,,,,,0,0,0
2013-01-03,d_706,2013_01,Thursday,4,1,2013,,,,,0,0,0
2013-01-04,d_707,2013_01,Friday,5,1,2013,,,,,0,0,0
2013-01-05,d_708,2013_01,Saturday,6,1,2013,,,,,0,0,0
2013-01-06,d_709,2013_01,Sunday,7,1,2013,,,,,0,0,0
2013-01-07,d_710,2013_02,Monday,1,1,2013,,,,,0,0,0
2013-01-08,d_711,2013_02,Tuesday,2,1,2013,,,,,0,0,0
2013-01-09,d_712,2013_02,Wednesday,3,1,2013,,,,,0,0,0
2013-01-10,d_713,2013_02,Thursday,4,1,2013,,,,,0,0,0
2013-01-11,d_714,2013_02,Friday,5,1,2013,,,,,0,0,0
2013-01-12,d_715,2013_02,Saturday,6,1,2013,,,,,0,0,0
2013-01-13,d_716,2013_02,Sunday,7,1,2013,,,,,0,0,0
2013-01-14,d_717,2013_03,Monday,1,1,2013,,,,,0,0,0
2013-01-15,d_718,2013_03,Tuesday,2,1,2013,,,,,0,0,0
2013-01-16,d_719,2013_03,Wednesday,3,1,2013,,,,,0,0,0
2013-01-17,d_720,2013_03,Thursday,4,1,2013,,,,,0,0,0
2013-01-18,d_721,2013_03,Friday,5,1,2013,,,,,0,0,0
2013-01-19,d_722,2013_03,Saturday,6,1,2013,,,,,0,0,0
2013-01-20,d_723,2013_03,Sunday,7,1,2013,,,,,0,0,0
2013-01-21,d_724,2013_04,Monday,1,1,2013,,,,,0,0,0
2013-01-22,d_725,2013_04,Tuesday,2,1,2013,,,,,0,0,0
2013-01-23,d_726,2013_04,Wednesday,3,1,2013,,,,,0,0,0
2013-01-24,d_727,2013_04,Thursday,4,1,2013,,,,,0,0,0
2013-01-25,d_728,2013_04,Friday,5,1,2013,,,,,0,0,0
2013-01-26,d_729,2013_04,Saturday,6,1,2013,,,,,0,0,0
2013-01-27,d_730,2013_04,Sunday,7,1,2013,,,,,0,0,0
2013-01-28,d_731,2013_05,Monday,1,1,2013,,,,,0,0,0
2013-01-29,d_732,2013_05,Tuesday,2,1,2013,,,,,0,0,0
2013-01-30,d_733,2013_05,Wednesday,3,1,2013,,,,,0,0,0
2013-01-31,d_734,2013_05,Thursday,4,1,2013,,,,,0,0,0
2013-02-01,d_735,2013_05,Friday,5,2,2013,,,,,0,0,0
2013-02-02,d_736,2013_05,Saturday,6,2,2013,,,,,0,0,0
2013-02-03,d_737,2013_05,Sunday,7,2,2013,,,,,0,0,0
2013-02-04,d_738,2013_06,Monday,1,2,2013,,,,,0,0,0
2013-02-05,d_739,2013_06,Tuesday,2,2,2013,,,,,0,0,0
2013-02-06,d_740,2013_06,Wednesday,3,2,2013,,,,,0,0,0
2013-02-07,d_741,2013_06,Thursday,4,2,2013,,,,,0,0,0
2013-02-08,d_742,2013_06,Friday,5,2,2013,,,,,0,0,0
2013-02-09,d_743,2013_06,Saturday,6,2,2013,,,,,0,0,0
2013-02-10,d_744,2013_06,Sunday,7,2,2013,,,,,0,0,0
2013-02-11,d_745,2013_07,Monday,1,2,2013,,,,,0,0,0
2013-02-12,d_746,2013_07,Tuesday,2,2,2013,,,,,0,0,0
2013-02-13,d_747,2013_07,Wednesday,3,2,2013,,,,,0,0,0
2013-02-14,d_748,2013_07,Thursday,4,2,2013,,,,,0,0,0
2013-02-15,d_749,2013_07,Friday,5,2,2013,,,,,0,0,0
2013-02-16,d_750,2013_07,Saturday,6,2,2013,,,,,0,0,0
2013-02-17,d_751,2013_07,Sunday,7,2,2013,,,,,0,0,0
2013-02-18,d_752,2013_08,Monday,1,2,2013,,,,,0,0,0
2013-02-19,d_753,2013_08,Tuesday,2,2,2013,,,,,0,0,0
2013-02-20,d_754,2013_08,Wednesday,3,2,2013,,,,,0,0,0
2013-02-21,d_755,2013_08,Thursday,4,2,2013,,,,,0,0,0
2013-02-22,d_756,2013_08,Friday,5,2,2013,,,,,0,0,0
2013-02-23,d_757,2013_08,Saturday,6,2,2013,,,,,0,0,0
2013-02-24,d_758,2013_08,Sunday,7,2,2013,,,,,0,0,0
2013-02-25,d_759,2013_09,Monday,1,2,2013,,,,,0,0,0
2013-02-26,d_760,2013_09,Tuesday,2,2,2013,,,,,0,0,0
2013-02-27,d_761,2013_09,Wednesday,3,2,2013,,,,,0,0,0
2013-02-28,d_762,2013_09,Thursday,4,2,2013,,,,,0,0,0
2013-03-01,d_763,2013_09,Friday,5,3,2013,,,,,0,0,0
2013-03-02,d_764,2013_09,Saturday,6,3,2013,,,,,0,0,0
2013-03-03,d_765,2013_09,Sunday,7,3,2013,,,,,0,0,0
2013-03-04,d_766,2013_10,Monday,1,3,2013,,,,,0,0,0
2013-03-05,d_767,2013_10,Tuesday,2,3,2013,,,,,0,0,0
2013-03-06,d_768,2013_10,Wednesday,3,3,2013,,,,,0,0,0
2013-03-07,d_769,2013_10,Thursday,4,3,2013,,,,,0,0,0
2013-03-08,d_770,2013_10,Friday,5,3,2013,,,,,0,0,0
2013-03-09,d_771,2013_10,Saturday,6,3,2013,,,,,0,0,0
2013-03-10,d_772,2013_10,Sunday,7,3,2013,,,,,0,0,0
2013-03-11,d_773,2013_11,Monday,1,3,2013,,,,,0,0,0
2013-03-12,d_774,2013_11,Tuesday,2,3,2013,,,,,0,0,0
2013-03-13,d_775,2013_11,Wednesday,3,3,2013,,,,,0,0,0
2013-03-14,d_776,2013_11,Thursday,4,3,2013,,,,,0,0,0
2013-03-15,d_777,2013_11,Friday,5,3,2013,,,,,0,0,0
2013-03-16,d_778,2013_11,Saturday,6,3,2013,,,,,0,0,0
2013-03-17,d_779,2013_11,Sunday,7,3,2013,,,,,0,0,0
2013-03-18,d_780,2013_12,Monday,1,3,2013,,,,,0,0,0
2013-03-19,d_781,2013_12,Tuesday,2,3,2013,,,,,0,0,0
2013-03-20,d_782,2013_12,Wednesday,3,3,2013,,,,,0,0,0
2013-03-21,d_783,2013_12,Thursday,4,3,2013,,,,,0,0,0
2013-03-22,d_784,2013_12,Friday,5,3,2013,,,,,0,0,0
2013-03-23,d_785,2013_12,Saturday,6,3,2013,,,,,0,0,0
2013-03-24,d_786,2013_12,Sunday,7,3,2013,,,,,0,0,0
2013-03-25,d_787,2013_13,Monday,1,3,2013,,,,,0,0,0
2013-03-26,d_788,2013_13,Tuesday,2,3,2013,,,,,0,0,0
2013-03-27,d_789,2013_13,Wednesday,3,3,2013,,,,,0,0,0
2013-03-28,d_790,2013_13,Thursday,4,3,2013,,,,,0,0,0
2013-03-29,d_791,2013_13,Friday,5,3,2013,,,,,0,0,0
2013-03-30,d_792,2013_13,Saturday,6,3,2013,,,,,0,0,0
2013-03-31,d_793,2013_13,Sunday,7,3,2013,,,,,0,0,0
2013-04-01,d_794,2013_14,Monday,1,4,2013,,,,,0,0,0
2013-04-02,d_795,2013_14,Tuesday,2,4,2013,,,,,0,0,0
2013-04-03,d_796,2013_14,Wednesday,3,4,2013,,,,,0,0,0
2013-04-04,d_797,2013_14,Thursday,4,4,2013,,,,,0,0,0
2013-04-05,d_798,2013_14,Friday,5,4,2013,,,,,0,0,0
2013-04-06,d_799,2013_14,Saturday,6,4,2013,,,,,0,0,0
2013-04-07,d_800,2013_14,Sunday,7,4,2013,,,,,0,0,0
2013-04-08,d_801,2013_15,Monday,1,4,2013,,,,,0,0,0
2013-04-09,d_802,2013_15,Tuesday,2,4,2013,,,,,0,0,0
2013-04-10,d_803,2013_15,Wednesday,3,4,2013,,,,,0,0,0
2013-04-11,d_804,2013_15,Thursday,4,4,2013,,,,,0,0,0
2013-04-12,d_805,2013_15,Friday,5,4,2013,,,,,0,0,0
2013-04-13,d_806,2013_15,Saturday,6,4,2013,,,,,0,0,0
2013-04-14,d_807,2013_15,Sunday,7,4,2013,,,,,0,0,0
2013-04-15,d_808,2013_16,Monday,1,4,2013,,,,,0,0,0
2013-04-16,d_809,2013_16,Tuesday,2,4,2013,,,,,0,0,0
2013-04-17,d_810,2013_16,Wednesday,3,4,2013,,,,,0,0,0
2013-04-18,d_811,2013_16,Thursday,4,4,2013,,,,,0,0,0
2013-04-19,d_812,2013_16,Friday,5,4,2013,,,,,0,0,0
2013-04-20,d_813,2013_16,Saturday,6,4,2013,,,,,0,0,0
2013-04-21,d_814,2013_16,Sunday,7,4,2013,,,,,0,0,0
2013-04-22,d_815,2013_17,Monday,1,4,2013,,,,,0,0,0
2013-04-23,d_816,2013_17,Tuesday,2,4,2013,,,,,0,0,0
2013-04-24,d_817,2013_17,Wednesday,3,4,2013,,,,,0,0,0
2013-04-25,d_818,2013_17,Thursday,4,4,2013,,,,,0,0,0
2013-04-26,d_819,2013_17,Friday,5,4,2013,,,,,0,0,0
2013-04-27,d_820,2013_17,Saturday,6,4,2013,,,,,0,0,0
2013-04-28,d_821,2013_17,Sunday,7,4,2013,,,,,0,0,0
2013-04-29,d_822,2013_18,Monday,1,4,2013,,,,,0,0,0
2013-04-30,d_823,2013_18,Tuesday,2,4,2013,,,,,0,0,0
2013-05-01,d_824,2013_18,Wednesday,3,5,2013,,,,,0,0,0
2013-05-02,d_825,2013_18,Thursday,4,5,2013,,,,,0,0,0
2013-05-03,d_826,2013_18,Friday,5,5,2013,,,,,0,0,0
2013-05-04,d_827,2013_18,Saturday,6,5,2013,,,,,0,0,0
2013-05-05,d_828,2013_18,Sunday,7,5,2013,,,,,0,0,0
2013-05-06,d_829,2013_19,Monday,1,5,2013,,,,,0,0,0
2013-05-07,d_830,2013_19,Tuesday,2,5,2013,,,,,0,0,0
2013-05-08,d_831,2013_19,Wednesday,3,5,2013,,,,,0,0,0
2013-05-09,d_832,2013_19,Thursday,4,5,2013,,,,,0,0,0
2013-05-10,d_833,2013_19,Friday,5,5,2013,,,,,0,0,0
2013-05-11,d_834,2013_19,Saturday,6,5,2013,,,,,0,0,0
2013-05-12,d_835,2013_19,Sunday,7,5,2013,,,,,0,0,0
2013-05-13,d_836,2013_20,Monday,1,5,2013,,,,,0,0,0
2013-05-14,d_837,2013_20,Tuesday,2,5,2013,,,,,0,0,0
2013-05-15,d_838,2013_20,Wednesday,3,5,2013,,,,,0,0,0
2013-05-16,d_839,2013_20,Thursday,4,5,2013,,,,,0,0,0
2013-05-17,d_840,2013_20,Friday,5,5,2013,,,,,0,0,0
2013-05-18,d_841,2013_20,Saturday,6,5,2013,,,,,0,0,0
2013-05-19,d_842,2013_20,Sunday,7,5,2013,,,,,0,0,0
2013-05-20,d_843,2013_21,Monday,1,5,2013,,,,,0,0,0
2013-05-21,d_844,2013_21,Tuesday,2,5,2013,,,,,0,0,0
2013-05-22,d_845,2013_21,Wednesday,3,5,2013,,,,,0,0,0
2013-05-23,d_846,2013_21,Thursday,4,5,2013,,,,,0,0,0
2013-05-24,d_847,2013_21,Friday,5,5,2013,,,,,0,0,0
2013-05-25,d_848,2013_21,Saturday,6,5,2013,,,,,0,0,0
2013-05-26,d_849,2013_21,Sunday,7,5,2013,,,,,0,0,0
2013-05-27,d_850,2013_22,Monday,1,5,2013,,,,,0,0,0
2013-05-28,d_851,2013_22,Tuesday,2,5,2013,,,,,0,0,0
2013-05-29,d_852,2013_22,Wednesday,3,5,2013,,,,,0,0,0
2013-05-30,d_853,2013_22,Thursday,4,5,2013,,,,,0,0,0
2013-05-31,d_854,2013_22,Friday,5,5,2013,,,,,0,0,0
2013-06-01,d_855,2013_22,Saturday,6,6,2013,,,,,0,0,0
2013-06-02,d_856,2013_22,Sunday,7,6,2013,,,,,0,0,0
2013-06-03,d_857,2013_23,Monday,1,6,2013,,,,,0,0,0
2013-06-04,d_858,2013_23,Tuesday,2,6,2013,,,,,0,0,0
2013-06-05,d_859,2013_23,Wednesday,3,6,2013,,,,,0,0,0
2013-06-06,d_860,2013_23,Thursday,4,6,2013,,,,,0,0,0
2013-06-07,d_861,2013_23,Friday,5,6,2013,,,,,0,0,0
2013-06-08,d_862,2013_23,Saturday,6,6,2013,,,,,0,0,0
2013-06-09,d_863,2013_23,Sunday,7,6,2013,,,,,0,0,0
2013-06-10,d_864,2013_24,Monday,1,6,2013,,,,,0,0,0
2013-06-11,d_865,2013_24,Tuesday,2,6,2013,,,,,0,0,0
2013-06-12,d_866,2013_24,Wednesday,3,6,2013,,,,,0,0,0
2013-06-13,d_867,2013_24,Thursday,4,6,2013,,,,,0,0,0
2013-06-14,d_868,2013_24,Friday,5,6,2013,,,,,0,0,0
2013-06-15,d_869,2013_24,Saturday,6,6,2013,,,,,0,0,0
2013-06-16,d_870,2013_24,Sunday,7,6,2013,,,,,0,0,0
2013-06-17,d_871,2013_25,Monday,1,6,2013,,,,,0,0,0
2013-06-18,d_872,2013_25,Tuesday,2,6,2013,,,,,0,0,0
2013-06-19,d_873,2013_25,Wednesday,3,6,2013,,,,,0,0,0
2013-06-20,d_874,2013_25,Thursday,4,6,2013,,,,,0,0,0
2013-06-21,d_875,2013_25,Friday,5,6,2013,,,,,0,0,0
2013-06-22,d_876,2013_25,Saturday,6,6,2013,,,,,0,0,0
2013-06-23,d_877,2013_25,Sunday,7,6,2013,,,,,0,0,0
2013-06-24,d_878,2013_26,Monday,1,6,2013,,,,,0,0,0
2013-06-25,d_879,2013_26,Tuesday,2,6,2013,,,,,0,0,0
2013-06-26,d_880,2013_26,Wednesday,3,6,2013,,,,,0,0,0
2013-06-27,d_881,2013_26,Thursday,4,6,2013,,,,,0,0,0
2013-06-28,d_882,2013_26,Friday,5,6,2013,,,,,0,0,0
2013-06-29,d_883,2013_26,Saturday,6,6,2013,,,,,0,0,0
2013-06-30,d_884,2013_26,Sunday,7,6,2013,,,,,0,0,0
2013-07-01,d_885,2013_27,Monday,1,7,2013,,,,,0,0,0
2013-07-02,d_886,2013_27,Tuesday,2,7,2013,,,,,0,0,0
2013-07-03,d_887,2013_27,Wednesday,3,7,2013,,,,,0,0,0
2013-07-04,d_888,2013_27,Thursday,4,7,2013,,,,,0,0,0
2013-07-05,d_889,2013_27,Friday,5,7,2013,,,,,0,0,0
2013-07-06,d_890,2013_27,Saturday,6,7,2013,,,,,0,0,0
2013-07-07,d_891,2013_27,Sunday,7,7,2013,,,,,0,0,0
2013-07-08,d_892,2013_28,Monday,1,7,2013,,,,,0,0,0
2013-07-09,d_893,2013_28,Tuesday,2,7,2013,,,,,0,0,0
2013-07-10,d_894,2013_28,Wednesday,3,7,2013,,,,,0,0,0
2013-07-11,d_895,2013_28,Thursday,4,7,2013,,,,,0,0,0
2013-07-12,d_896,2013_28,Friday,5,7,2013,,,,,0,0,0
2013-07-13,d_897,2013_28,Saturday,6,7,2013,,,,,0,0,0
2013-07-14,d_898,2013_28,Sunday,7,7,2013,,,,,0,0,0
2013-07-15,d_899,2013_29,Monday,1,7,2013,,,,,0,0,0
2013-07-16,d_900,2013_29,Tuesday,2,7,2013,,,,,0,0,0
2013-07-17,d_901,2013_29,Wednesday,3,7,2013,,,,,0,0,0
2013-07-18,d_902,2013_29,Thursday,4,7,2013,,,,,0,0,0
2013-07-19,d_903,2013_29,Friday,5,7,2013,,,,,0,0,0
2013-07-20,d_904,2013_29,Saturday,6,7,2013,,,,,0,0,0
2013-07-21,d_905,2013_29,Sunday,7,7,2013,,,,,0,0,0
2013-07-22,d_906,2013_30,Monday,1,7,2013,,,,,0,0,0
2013-07-23,d_907,2013_30,Tuesday,2,7,2013,,,,,0,0,0
2013-07-24,d_908,2013_30,Wednesday,3,7,2013,,,,,0,0,0
2013-07-25,d_909,2013_30,Thursday,4,7,2013,,,,,0,0,0
2013-07-26,d_910,2013_30,Friday,5,7,2013,,,,,0,0,0
2013-07-27,d_911,2013_30,Saturday,6,7,2013,,,,,0,0,0
2013-07-28,d_912,2013_30,Sunday,7,7,2013,,,,,0,0,0
2013-07-29,d_913,2013_31,Monday,1,7,2013,,,,,0,0,0
2013-07-30,d_914,2013_31,Tuesday,2,7,2013,,,,,0,0,0
2013-07-31,d_915,2013_31,Wednesday,3,7,2013,,,,,0,0,0
2013-08-01,d_916,2013_31,Thursday,4,8,2013,,,,,0,0,0
2013-08-02,d_917,2013_31,Friday,5,8,2013,,,,,0,0,0
2013-08-03,d_918,2013_31,Saturday,6,8,2013,,,,,0,0,0
2013-08-04,d_919,2013_31,Sunday,7,8,2013,,,,,0,0,0
2013-08-05,d_920,2013_32,Monday,1,8,2013,,,,,0,0,0
2013-08-06,d_921,2013_32,Tuesday,2,8,2013,,,,,0,0,0
2013-08-07,d_922,2013_32,Wednesday,3,8,2013,,,,,0,0,0
2013-08-08,d_923,2013_32,Thursday,4,8,2013,,,,,0,0,0
2013-08-09,d_924,2013_32,Friday,5,8,2013,,,,,0,0,0
2013-08-10,d_925,2013_32,Saturday,6,8,2013,,,,,0,0,0
2013-08-11,d_926,2013_32,Sunday,7,8,2013,,,,,0,0,0
2013-08-12,d_927,2013_33,Monday,1,8,2013,,,,,0,0,0
2013-08-13,d_928,2013_33,Tuesday,2,8,2013,,,,,0,0,0
2013-08-14,d_929,2013_33,Wednesday,3,8,2013,,,,,0,0,0
2013-08-15,d_930,2013_33,Thursday,4,8,2013,,,,,0,0,0
2013-08-16,d_931,2013_33,Friday,5,8,2013,,,,,0,0,0
2013-08-17,d_932,2013_33,Saturday,6,8,2013,,,,,0,0,0
2013-08-18,d_933,2013_33,Sunday,7,8,2013,,,,,0,0,0
2013-08-19,d_934,2013_34,Monday,1,8,2013,,,,,0,0,0
2013-08-20,d_935,2013_34,Tuesday,2,8,2013,,,,,0,0,0
2013-08-21,d_936,2013_34,Wednesday,3,8,2013,,,,,0,0,0
2013-08-22,d_937,2013_34,Thursday,4,8,2013,,,,,0,0,0
2013-08-23,d_938,2013_34,Friday,5,8,2013,,,,,0,0,0
2013-08-24,d_939,2013_34,Saturday,6,8,2013,,,,,0,0,0
2013-08-25,d_940,2013_34,Sunday,7,8,2013,,,,,0,0,0
2013-08-26,d_941,2013_35,Monday,1,8,2013,,,,,0,0,0
2013-08-27,d_942,2013_35,Tuesday,2,8,2013,,,,,0,0,0
2013-08-28,d_943,2013_35,Wednesday,3,8,2013,,,,,0,0,0
2013-08-29,d_944,2013_35,Thursday,4,8,2013,,,,,0,0,0
2013-08-30,d_945,2013_35,Friday,5,8,2013,,,,,0,0,0
2013-08-31,d_946,2013_35,Saturday,6,8,2013,,,,,0,0,0
2013-09-01,d_947,2013_35,Sunday,7,9,2013,,,,,0,0,0
2013-09-02,d_948,2013_36,Monday,1,9,2013,,,,,0,0,0
2013-09-03,d_949,2013_36,Tuesday,2,9,2013,,,,,0,0,0
2013-09-04,d_950,2013_36,Wednesday,3,9,2013,,,,,0,0,0
2013-09-05,d_951,2013_36,Thursday,4,9,2013,,,,,0,0,0
2013-09-06,d_952,2013_36,Friday,5,9,2013,,,,,0,0,0
2013-09-07,d_953,2013_36,Saturday,6,9,2013,,,,,0,0,0
2013-09-08,d_954,2013_36,Sunday,7,9,2013,,,,,0,0,0
2013-09-09,d_955,2013_37,Monday,1,9,2013,,,,,0,0,0
2013-09-10,d_956,2013_37,Tuesday,2,9,2013,,,,,0,0,0
2013-09-11,d_957,2013_37,Wednesday,3,9,2013,,,,,0,0,0
2013-09-12,d_958,2013_37,Thursday,4,9,2013,,,,,0,0,0
2013-09-13,d_959,2013_37,Friday,5,9,2013,,,,,0,0,0
2013-09-14,d_960,2013_37,Saturday,6,9,2013,,,,,0,0,0
2013-09-15,d_961,2013_37,Sunday,7,9,2013,,,,,0,0,0
2013-09-16,d_962,2013_38,Monday,1,9,2013,,,,,0,0,0
2013-09-17,d_963,2013_38,Tuesday,2,9,2013,,,,,0,0,0
2013-09-18,d_964,2013_38,Wednesday,3,9,2013,,,,,0,0,0
2013-09-19,d_965,2013_38,Thursday,4,9,2013,,,,,0,0,0
2013-09-20,d_966,2013_38,Friday,5,9,2013,,,,,0,0,0
2013-09-21,d_967,2013_38,Saturday,6,9,2013,,,,,0,0,0
2013-09-22,d_968,2013_38,Sunday,7,9,2013,,,,,0,0,0
2013-09-23,d_969,2013_39,Monday,1,9,2013,,,,,0,0,0
2013-09-24,d_970,2013_39,Tuesday,2,9,2013,,,,,0,0,0
2013-09-25,d_971,2013_39,Wednesday,3,9,2013,,,,,0,0,0
2013-09-26,d_972,2013_39,Thursday,4,9,2013,,,,,0,0,0
2013-09-27,d_973,2013_39,Friday,5,9,2013,,,,,0,0,0
2013-09-28,d_974,2013_39,Saturday,6,9,2013,,,,,0,0,0
2013-09-29,d_975,2013_39,Sunday,7,9,2013,,,,,0,0,0
2013-09-30,d_976,2013_40,Monday,1,9,2013,,,,,0,0,0
2013-10-01,d_977,2013_40,Tuesday,2,10,2013,,,,,0,0,0
2013-10-02,d_978,2013_40,Wednesday,3,10,2013,,,,,0,0,0
2013-10-03,d_979,2013_40,Thursday,4,10,2013,,,,,0,0,0
2013-10-04,d_980,2013_40,Friday,5,10,2013,,,,,0,0,0
2013-10-05,d_981,2013_40,Saturday,6,10,2013,,,,,0,0,0
2013-10-06,d_982,2013_40,Sunday,7,10,2013,,,,,0,0,0
2013-10-07,d_983,2013_41,Monday,1,10,2013,,,,,0,0,0
2013-10-08,d_984,2013_41,Tuesday,2,10,2013,,,,,0,0,0
2013-10-09,d_985,2013_41,Wednesday,3,10,2013,,,,,0,0,0
2013-10-10,d_986,2013_41,Thursday,4,10,2013,,,,,0,0,0
2013-10-11,d_987,2013_41,Friday,5,10,2013,,,,,0,0,0
2013-10-12,d_988,2013_41,Saturday,6,10,2013,,,,,0,0,0
2013-10-13,d_989,2013_41,Sunday,7,10,2013,,,,,0,0,0
2013-10-14,d_990,2013_42,Monday,1,10,2013,,,,,0,0,0
2013-10-15,d_991,2013_42,Tuesday,2,10,2013,,,,,0,0,0
2013-10-16,d_992,2013_42,Wednesday,3,10,2013,,,,,0,0,0
2013-10-17,d_993,2013_42,Thursday,4,10,2013,,,,,0,0,0
2013-10-18,d_994,2013_42,Friday,5,10,2013,,,,,0,0,0
2013-10-19,d_995,2013_42,Saturday,6,10,2013,,,,,0,0,0
2013-10-20,d_996,2013_42,Sunday,7,10,2013,,,,,0,0,0
2013-10-21,d_997,2013_43,Monday,1,10,2013,,,,,0,0,0
2013-10-22,d_998,2013_43,Tuesday,2,10,2013,,,,,0,0,0
2013-10-23,d_999,2013_43,Wednesday,3,10,2013,,,,,0,0,0
2013-10-24,d_1000,2013_43,Thursday,4,10,2013,,,,,0,0,0
2013-10-25,d_1001,2013_43,Friday,5,10,2013,,,,,0,0,0
2013-10-26,d_1002,2013_43,Saturday,6,10,2013,,,,,0,0,0
2013-10-27,d_1003,2013_43,Sunday,7,10,2013,,,,,0,0,0
2013-10-28,d_1004,2013_44,Monday,1,10,2013,,,,,0,0,0
2013-10-29,d_1005,2013_44,Tuesday,2,10,2013,,,,,0,0,0
2013-10-30,d_1006,2013_44,Wednesday,3,10,2013,,,,,0,0,0
2013-10-31,d_1007,2013_44,Thursday,4,10,2013,,,,,0,0,0
2013-11-01,d_1008,2013_44,Friday,5,11,2013,,,,,0,0,0
2013-11-02,d_1009,2013_44,Saturday,6,11,2013,,,,,0,0,0
2013-11-03,d_1010,2013_44,Sunday,7,11,2013,,,,,0,0,0
2013-11-04,d_1011,2013_45,Monday,1,11,2013,,,,,0,0,0
2013-11-05,d_1012,2013_45,Tuesday,2,11,2013,,,,,0,0,0
2013-11-06,d_1013,2013_45,Wednesday,3,11,2013,,,,,0,0,0
2013-11-07,d_1014,2013_45,Thursday,4,11,2013,,,,,0,0,0
2013-11-08,d_1015,2013_45,Friday,5,11,2013,,,,,0,0,0
2013-11-09,d_1016,2013_45,Saturday,6,11,2013,,,,,0,0,0
2013-11-10,d_1017,2013_45,Sunday,7,11,2013,,,,,0,0,0
2013-11-11,d_1018,2013_46,Monday,1,11,2013,,,,,0,0,0
2013-11-12,d_1019,2013_46,Tuesday,2,11,2013,,,,,0,0,0
2013-11-13,d_1020,2013_46,Wednesday,3,11,2013,,,,,0,0,0
2013-11-14,d_1021,2013_46,Thursday,4,11,2013,,,,,0,0,0
2013-11-15,d_1022,2013_46,Friday,5,11,2013,,,,,0,0,0
2013-11-16,d_1023,2013_46,Saturday,6,11,2013,,,,,0,0,0
2013-11-17,d_1024,2013_46,Sunday,7,11,2013,,,,,0,0,0
2013-11-18,d_1025,2013_47,Monday,1,11,2013,,,,,0,0,0
2013-11-19,d_1026,2013_47,Tuesday,2,11,2013,,,,,0,0,0
2013-11-20,d_1027,2013_47,Wednesday,3,11,2013,,,,,0,0,0
2013-11-21,d_1028,2013_47,Thursday,4,11,2013,,,,,0,0,0
2013-11-22,d_1029,2013_47,Friday,5,11,2013,,,,,0,0,0
2013-11-23,d_1030,2013_47,Saturday,6,11,2013,,,,,0,0,0
2013-11-24,d_1031,2013_47,Sunday,7,11,2013,,,,,0,0,0
2013-11-25,d_1032,2013_48,Monday,1,11,2013,,,,,0,0,0
2013-11-26,d_1033,2013_48,Tuesday,2,11,2013,,,,,0,0,0
2013-11-27,d_1034,2013_48,Wednesday,3,11,2013,,,,,0,0,0
2013-11-28,d_1035,2013_48,Thursday,4,11,2013,,,,,0,0,0
2013-11-29,d_1036,2013_48,Friday,5,11,2013,,,,,0,0,0
2013-11-30,d_1037,2013_48,Saturday,6,11,2013,,,,,0,0,0
2013-12-01,d_1038,2013_48,Sunday,7,12,2013,,,,,0,0,0
2013-12-02,d_1039,2013_49,Monday,1,12,2013,,,,,0,0,0
2013-12-03,d_1040,2013_49,Tuesday,2,12,2013,,,,,0,0,0
2013-12-04,d_1041,2013_49,Wednesday,3,12,2013,,,,,0,0,0
2013-12-05,d_1042,2013_49,Thursday,4,12,2013,,,,,0,0,0
2013-12-06,d_1043,2013_49,Friday,5,12,2013,,,,,0,0,0
2013-12-07,d_1044,2013_49,Saturday,6,12,2013,,,,,0,0,0
2013-12-08,d_1045,2013_49,Sunday,7,12,2013,,,,,0,0,0
2013-12-09,d_1046,2013_50,Monday,1,12,2013,,,,,0,0,0
2013-12-10,d_1047,2013_50,Tuesday,2,12,2013,,,,,0,0,0
2013-12-11,d_1048,2013_50,Wednesday,3,12,2013,,,,,0,0,0
2013-12-12,d_1049,2013_50,Thursday,4,12,2013,,,,,0,0,0
2013-12-13,d_1050,2013_50,Friday,5,12,2013,,,,,0,0,0
2013-12-14,d_1051,2013_50,Saturday,6,12,2013,,,,,0,0,0
2013-12-15,d_1052,2013_50,Sunday,7,12,2013,,,,,0,0,0
2013-12-16,d_1053,2013_51,Monday,1,12,2013,,,,,0,0,0
2013-12-17,d_1054,2013_51,Tuesday,2,12,2013,,,,,0,0,0
2013-12-18,d_1055,2013_51,Wednesday,3,12,2013,,,,,0,0,0
2013-12-19,d_1056,2013_51,Thursday,4,12,2013,,,,,0,0,0
2013-12-20,d_1057,2013_51,Friday,5,12,2013,,,,,0,0,0
2013-12-21,d_1058,2013_51,Saturday,6,12,2013,,,,,0,0,0
2013-12-22,d_1059,2013_51,Sunday,7,12,2013,,,,,0,0,0
2013-12-23,d_1060,2013_52,Monday,1,12,2013,,,,,0,0,0
2013-12-24,d_1061,2013_52,Tuesday,2,12,2013,,,,,0,0,0
2013-12-25,d_1062,2013_52,Wednesday,3,12,2013,,,,,0,0,0
2013-12-26,d_1063,2013_52,Thursday,4,12,2013,,,,,0,0,0
2013-12-27,d_1064,2013_52,Friday,5,12,2013,,,,,0,0,0
2013-12-28,d_1065,2013_52,Saturday,6,12,2013,,,,,0,0,0
2013-12-29,d_1066,2013_52,Sunday,7,12,2013,,,,,0,0,0
2013-12-30,d_1067,2013_01,Monday,1,12,2013,,,,,0,0,0
2013-12-31,d_1068,2013_01,Tuesday,2,12,2013,,,,,0,0,0
2014-01-01,d_1069,2014_01,Wednesday,3,1,2014,,,,,0,0,0
2014-01-02,d_1070,2014_01,Thursday,4,1,2014,,,,,0,0,0
2014-01-03,d_1071,2014_01,Friday,5,1,2014,,,,,0,0,0
2014-01-04,d_1072,2014_01,Saturday,6,1,2014,,,,,0,0,0
2014-01-05,d_1073,2014_01,Sunday,7,1,2014,,,,,0,0,0
2014-01-06,d_1074,2014_02,Monday,1,1,2014,,,,,0,0,0
2014-01-07,d_1075,2014_02,Tuesday,2,1,2014,,,,,0,0,0
2014-01-08,d_1076,2014_02,Wednesday,3,1,2014,,,,,0,0,0
2014-01-09,d_1077,2014_02,Thursday,4,1,2014,,,,,0,0,0
2014-01-10,d_1078,2014_02,Friday,5,1,2014,,,,,0,0,0
2014-01-11,d_1079,2014_02,Saturday,6,1,2014,,,,,0,0,0
2014-01-12,d_1080,2014_02,Sunday,7,1,2014,,,,,0,0,0
2014-01-13,d_1081,2014_03,Monday,1,1,2014,,,,,0,0,0
2014-01-14,d_1082,2014_03,Tuesday,2,1,2014,,,,,0,0,0
2014-01-15,d_1083,2014_03,Wednesday,3,1,2014,,,,,0,0,0
2014-01-16,d_1084,2014_03,Thursday,4,1,2014,,,,,0,0,0
2014-01-17,d_1085,2014_03,Friday,5,1,2014,,,,,0,0,0
2014-01-18,d_1086,2014_03,Saturday,6,1,2014,,,,,0,0,0
2014-01-19,d_1087,2014_03,Sunday,7,1,2014,,,,,0,0,0
2014-01-20,d_1088,2014_04,Monday,1,1,2014,,,,,0,0,0
2014-01-21,d_1089,2014_04,Tuesday,2,1,2014,,,,,0,0,0
2014-01-22,d_1090,2014_04,Wednesday,3,1,2014,,,,,0,0,0
2014-01-23,d_1091,2014_04,Thursday,4,1,2014,,,,,0,0,0
2014-01-24,d_1092,2014_04,Friday,5,1,2014,,,,,0,0,0
2014-01-25,d_1093,2014_04,Saturday,6,1,2014,,,,,0,0,0
2014-01-26,d_1094,2014_04,Sunday,7,1,2014,,,,,0,0,0
2014-01-27,d_1095,2014_05,Monday,1,1,2014,,,,,0,0,0
